Ilya,Irbutsky,1995-10-12,Irbutsky@mail.ru,M
Alexandr,Romanenkov,1982-01-24,Romanenkov@mail.ru,M
Elena,Ivanova,1976-09-03,Ivanova@mail.ru,F
Aleksey,Semenov,1964-04-18,Semenov@mail.ru,M
Evgeny,Rudnenko,1960-10-19,Rudnenko@mail.ru,M
Evgeny,Nenahov,1992-12-21,Nenahov@mail.ru,M
Sergey,Reshetnikov,1970-05-02,Reshetnikov@mail.ru,M
Ekaterina,Simkina,1997-06-03,Simkina@mail.ru,F
Olger,Simkin,1995-10-29,Simkin@mail.ru,M
Petr,Avdiyants,1990-04-14,Avdiyants@mail.ru,M
Andrey,Bobovich,1986-08-25,Bobovich@mail.ru,M
Mikhail,Borovitin,1970-04-29,Borovitin@mail.ru,M
Rudolf,Brayninger,1987-04-20,Brayninger@mail.ru,M
Denis,Gorshchenko,2019-07-09,Gorshchenko@mail.ru,M
Aleksandr,Domoroshchenov,1989-02-09,Domoroshchenov@mail.ru,M
Donishiddin,Zhuraev,1981-01-23,Zhuraev@mail.ru,M
Nikita,Zaytsev,1976-04-13,Zaytsev@mail.ru,M
Vladimir,Zlobin,2021-01-17,Zlobin@mail.ru,M
Daniil,Morozov,2016-12-31,Morozov@mail.ru,M
Darya,Smirnova,1982-04-15,Smirnova@mail.ru,F
Svetlana,Solomatina,2011-07-05,Solomatina@mail.ru,F
Artem,Subbotin,2005-04-26,Subbotin@mail.ru,M
Mark,Tarabukin,2020-09-07,Tarabukin@mail.ru,M
Anna,Feneva,2015-04-19,Feneva@mail.ru,F
Daniil,Khasanov,1970-12-14,Khasanov@mail.ru,M
Danila,Yakukhin,2015-12-14,Yakukhin@mail.ru,M
Klim,Barabanov,1988-11-17,Barabanov@mail.ru,M
Alekseevich,Dolgov,1982-08-18,Dolgov@mail.ru,M
Yana,Kasyanova,1993-03-25,Kasyanova@mail.ru,F
Dina,Mingazova,1993-09-23,Mingazova@mail.ru,F
Yan,Sarafannikov,2014-10-14,Sarafannikov@mail.ru,M
Nikita,Smirnov,1998-02-15,Smirnov@mail.ru,M
Dmitriy,Fedulov,1998-02-03,Fedulov@mail.ru,M
Emil,Khaydarov,1979-10-08,Khaydarov@mail.ru,M
